{"epoch/loss":0.07381370663642883,"epoch/epoch":17,"total_epochs":18,"_step":19,"epoch/accuracy":0.9732360243797302,"_timestamp":1.7588055417989552e+09,"epoch/learning_rate":9.999999747378752e-05,"num_classes":4,"val_batches":13,"model_parameters":6647492,"_runtime":230,"epoch/val_accuracy":0.9902439117431641,"epoch/val_loss":0.06415298581123352,"_wandb":{"runtime":230},"train_batches":52,"final_val_accuracy":0.995121955871582}